,City,Lat,Lng,Max Temp,Humidity,Cloudiness,Wind Speed,Country,Date
0,Krasnosel'kup,65.7,82.4667,-14.33,94,100,5.64,RU,1618620559
1,Vaini,-21.2,-175.2,27.0,65,20,2.06,TO,1618620516
2,Verkhoyansk,67.5447,133.385,-3.33,74,100,5.94,RU,1618620560
3,Port Elizabeth,-33.918,25.5701,16.0,72,0,6.69,ZA,1618620560
4,Saskylakh,71.9167,114.0833,-15.37,94,100,6.66,RU,1618620560
5,Mataura,-46.1927,168.8643,12.22,70,66,3.13,NZ,1618620561
6,Puerto Ayora,-0.7393,-90.3518,24.44,96,88,0.45,EC,1618620561
7,Tondano,1.3038,124.9112,30.0,62,20,2.57,ID,1618620562
8,Bluff,-46.6,168.3333,12.22,70,99,3.13,NZ,1618620539
9,Katsuura,35.1333,140.3,16.67,75,100,7.59,JP,1618620562
10,Tasiilaq,65.6145,-37.6368,-3.0,100,75,16.98,GL,1618620506
11,Faanui,-16.4833,-151.75,27.85,72,35,2.94,PF,1618620513
12,Khatanga,71.9667,102.5,-12.13,92,100,4.42,RU,1618620563
13,Lata,40.1629,-8.3327,14.44,77,15,1.92,PT,1618620564
14,Padang,-0.9492,100.3543,23.0,100,75,0.51,ID,1618620564
15,Malumfashi,11.7853,7.6218,23.9,26,50,3.06,NG,1618620546
16,Punta Arenas,-53.15,-70.9167,8.0,81,75,10.8,CL,1618620564
17,Narsaq,60.9167,-46.05,-7.0,27,8,5.66,GL,1618620565
18,Chatrapur,19.35,84.9833,26.64,73,0,3.39,IN,1618620565
19,Butaritari,3.0707,172.7902,27.85,74,49,4.01,KI,1618620566
20,Acaraú,-2.8856,-40.12,26.09,85,99,5.64,BR,1618620566
21,Rikitea,-23.1203,-134.9692,25.21,71,100,4.59,PF,1618620567
22,Albany,42.6001,-73.9662,5.0,79,98,3.11,US,1618620504
23,Dukat,62.55,155.55,-7.24,69,1,4.67,RU,1618620567
24,Xianshuigu,38.985,117.3828,13.0,19,0,7.0,CN,1618620568
25,Castro,-24.7911,-50.0119,15.2,89,100,1.45,BR,1618620568
26,Qaanaaq,77.484,-69.3632,-18.81,90,100,4.07,GL,1618620568
27,Cape Town,-33.9258,18.4232,18.33,77,0,0.51,ZA,1618620395
28,Rutland,43.6167,-73.0162,2.0,100,90,3.6,US,1618620569
29,Port Alfred,-33.5906,26.891,16.64,62,2,9.05,ZA,1618620569
30,Te Anau,-45.4167,167.7167,11.32,52,98,1.16,NZ,1618620570
31,Punta Umbría,37.1821,-6.9661,15.56,77,7,3.42,ES,1618620570
32,Loa Janan,-0.583,117.095,25.69,92,100,1.59,ID,1618620571
33,Astorga,-23.2325,-51.6656,22.0,78,0,3.6,BR,1618620571
34,Muncar,-8.4333,114.3333,27.57,74,57,0.45,ID,1618620572
35,Amuntai,-2.4177,115.2494,28.08,71,94,1.06,ID,1618620572
36,Tuburan,6.6439,122.2736,28.0,89,90,1.03,PH,1618620572
37,Chui,-33.6971,-53.4616,18.64,92,0,2.41,UY,1618620504
38,Hithadhoo,-0.6,73.0833,27.47,63,51,1.59,MV,1618620573
39,Ola,59.5833,151.2833,-5.18,87,100,3.3,RU,1618620297
40,Nikolskoye,59.7035,30.7861,6.0,39,0,5.0,RU,1618620574
41,Kataysk,56.289,62.5841,0.78,71,0,2.01,RU,1618620574
42,La Rioja,42.25,-2.5,5.0,60,75,3.09,ES,1618620574
43,Solnechnyy,50.7214,136.6319,4.24,81,100,2.16,RU,1618620527
44,Ribeira Grande,38.5167,-28.7,17.26,96,88,7.4,PT,1618620575
45,Nuuk,64.1835,-51.7216,-11.0,85,75,1.54,GL,1618620575
46,Wanning,18.8003,110.3967,27.3,75,100,2.37,CN,1618620545
47,Hermanus,-34.4187,19.2345,15.0,78,0,2.68,ZA,1618620503
48,Karratha,-20.7377,116.8463,29.95,39,0,8.76,AU,1618620576
49,San Borja,-14.8167,-66.85,22.94,96,5,0.98,BO,1618620577
50,Jamestown,42.097,-79.2353,3.33,93,90,5.66,US,1618620311
51,San Andrés,12.5847,-81.7006,28.0,78,75,5.14,CO,1618620577
52,Keetmanshoop,-26.5833,18.1333,21.18,40,33,2.34,NA,1618620578
53,Saint Paul Harbor,57.79,-152.4072,9.0,57,20,4.63,US,1618620578
54,Sola,-13.8833,167.55,32.0,74,75,2.06,VU,1618620579
55,Barrow,71.2906,-156.7887,-6.0,79,90,5.14,US,1618620511
56,Forestville,38.8451,-76.875,12.0,43,1,4.63,US,1618620579
57,Ushuaia,-54.8,-68.3,6.0,75,40,8.23,AR,1618620568
58,Tigil',57.8,158.6667,-1.64,84,69,9.02,RU,1618620580
59,Sitka,57.0531,-135.33,9.0,76,75,1.54,US,1618620580
60,Muros,42.7762,-9.0603,9.44,59,93,5.11,ES,1618620581
61,Mar del Plata,-38.0023,-57.5575,18.33,94,0,1.19,AR,1618620581
62,Zhigansk,66.7697,123.3711,-6.06,81,99,7.34,RU,1618620581
63,Partyzany,46.3314,34.7503,4.55,90,5,3.46,UA,1618620582
64,Mehamn,71.0357,27.8492,4.0,91,100,15.38,NO,1618620582
65,Dikson,73.5069,80.5464,-22.45,100,100,1.63,RU,1618620583
66,Gizo Government Station,-8.103,156.8419,29.15,69,28,1.99,SB,1618620583
67,Hofn,64.2539,-15.2082,6.13,79,20,10.92,IS,1618620584
68,Hilo,19.7297,-155.09,27.0,54,40,4.12,US,1618620584
69,Busselton,-33.65,115.3333,17.22,75,8,3.59,AU,1618620585
70,Atuona,-9.8,-139.0333,27.13,74,100,7.75,PF,1618620585
71,Pevek,69.7008,170.3133,-6.01,86,100,1.15,RU,1618620496
72,Cabo San Lucas,22.8909,-109.9124,25.0,61,40,3.6,MX,1618620425
73,George Town,5.4112,100.3354,26.0,89,40,3.6,MY,1618620465
74,Kaniama,-7.5667,24.1833,18.25,93,100,1.78,CD,1618620586
75,Palmer,42.1584,-72.3287,4.0,75,90,6.69,US,1618620586
76,Grootfontein,-19.5667,18.1167,10.0,81,2,1.03,NA,1618620366
77,Seymchan,62.8833,152.4333,-6.31,75,21,3.34,RU,1618620587
78,Nanortalik,60.1432,-45.2371,-6.14,56,0,22.82,GL,1618620587
79,Mezen',65.8522,44.24,0.36,94,100,4.15,RU,1618620588
80,East London,-33.0153,27.9116,15.12,66,4,4.89,ZA,1618620588
81,Kaitangata,-46.2817,169.8464,12.22,54,58,3.58,NZ,1618620546
82,Mahébourg,-20.4081,57.7,25.0,88,20,2.57,MU,1618620589
83,Ust-Nera,64.5667,143.2,-6.95,74,100,2.63,RU,1618620589
84,Bengkulu,-3.8004,102.2655,25.16,85,89,1.12,ID,1618620362
85,Wasilla,61.5814,-149.4394,12.0,32,1,0.55,US,1618620590
86,Talnakh,69.4865,88.3972,-23.36,96,100,1.54,RU,1618620590
87,Solton,52.8429,86.4787,2.71,98,100,2.6,RU,1618620591
88,Xilitla,21.3333,-98.9667,30.63,37,1,1.87,MX,1618620591
89,Tsimlyansk,47.6461,42.1019,10.06,94,100,2.56,RU,1618620591
90,Udachny,66.4167,112.4,-13.43,93,94,12.66,RU,1618620592
91,Kapaa,22.0752,-159.319,24.0,78,75,6.17,US,1618620592
92,Kayerkan,69.3497,87.7602,-25.36,97,100,2.19,RU,1618620593
93,Antequera,37.0194,-4.5612,13.0,94,40,2.57,ES,1618620593
94,Provideniya,64.3833,-173.3,1.03,86,26,3.51,RU,1618620594
95,Dondaicha,21.3333,74.5667,27.23,55,0,5.67,IN,1618620594
96,Broken Hill,-31.95,141.4333,14.0,47,0,4.63,AU,1618620410
97,Coutances,49.05,-1.4333,6.67,70,3,3.09,FR,1618620595
98,Chokurdakh,70.6333,147.9167,-13.51,89,9,4.48,RU,1618620526
99,Cuenca,-2.8833,-78.9833,14.0,94,75,0.19,EC,1618620596
100,Ostrovnoy,68.0531,39.5131,2.14,95,100,9.57,RU,1618620517
101,Arraial do Cabo,-22.9661,-42.0278,24.14,75,13,8.31,BR,1618620596
102,Carnarvon,-24.8667,113.6333,25.99,37,0,4.84,AU,1618620597
103,Saint George,37.1041,-113.5841,17.0,25,90,7.2,US,1618620310
104,Saint Anthony,45.0205,-93.218,14.0,28,1,4.63,US,1618620598
105,Lagoa,39.05,-27.9833,16.36,96,100,5.59,PT,1618620598
106,Kathu,7.9178,98.3332,28.89,94,40,1.54,TH,1618620599
107,Zhenlai,45.8495,123.2973,4.17,67,100,7.96,CN,1618620599
108,Knysna,-34.0363,23.0471,9.0,93,0,1.54,ZA,1618620600
109,Tiksi,71.6872,128.8694,-16.27,98,100,4.08,RU,1618620498
110,Altay,47.8667,88.1167,9.25,34,88,2.49,CN,1618620601
111,New Norfolk,-42.7826,147.0587,17.22,76,100,2.24,AU,1618620534
112,Hualmay,-11.0964,-77.6139,19.89,84,94,3.8,PE,1618620601
113,São Filipe,14.8961,-24.4956,22.06,73,0,3.84,CV,1618620602
114,Kruisfontein,-34.0033,24.7314,13.89,71,0,1.79,ZA,1618620602
115,Sinnamary,5.3833,-52.95,25.54,82,60,4.74,GF,1618620603
116,College,64.8569,-147.8028,8.0,53,20,2.06,US,1618620603
117,Hoquiam,46.9809,-123.8893,24.44,35,1,4.12,US,1618620603
118,Klaksvík,62.2266,-6.589,7.0,100,75,4.63,FO,1618620604
119,Souillac,-20.5167,57.5167,25.0,88,20,2.57,MU,1618620604
120,Segovia,41.1667,-4.0,3.89,54,0,0.2,ES,1618620605
121,Palauig,15.435,119.9045,28.74,68,99,0.94,PH,1618620605
122,Avarua,-21.2078,-159.775,28.0,74,75,2.06,CK,1618620606
123,Ugoofaaru,5.6667,73.0,28.47,70,100,1.42,MV,1618620606
124,Natalio,-26.7167,-55.0833,18.12,98,100,0.69,PY,1618620607
125,Methóni,36.8197,21.7049,16.11,59,100,3.6,GR,1618620607
126,Constitución,-35.3333,-72.4167,13.6,82,100,2.97,CL,1618620488
127,Tiznit Province,29.5833,-9.5,14.94,76,0,0.96,MA,1618620608
128,Manokwari,-0.8667,134.0833,28.75,67,100,1.55,ID,1618620556
129,Banda Aceh,5.5577,95.3222,27.5,74,100,3.4,ID,1618620609
130,Kungurtug,50.5994,97.5228,1.78,63,1,0.77,RU,1618620609
131,Kirakira,-10.4544,161.9205,30.38,68,19,4.96,SB,1618620609
132,Villafranca de los Barros,38.5614,-6.3381,13.33,65,19,0.89,ES,1618620610
133,Bredasdorp,-34.5322,20.0403,10.0,93,6,1.52,ZA,1618620610
134,Bud,39.447,-86.1758,13.0,50,1,2.23,US,1618620611
135,Orotukan,62.2667,151.7,-6.72,73,1,3.7,RU,1618620611
136,Faya,18.3851,42.4509,18.0,27,0,3.18,SA,1618620579
137,Vardø,70.3705,31.1107,4.62,76,100,13.46,NO,1618620612
138,Mīzan Teferī,6.9833,35.5833,17.7,72,24,1.47,ET,1618620612
139,Cherskiy,68.75,161.3,-5.97,81,92,5.47,RU,1618620613
140,Menongue,-14.6585,17.691,15.38,74,7,1.63,AO,1618620613
141,Bubaque,11.2833,-15.8333,24.89,75,48,7.99,GW,1618620614
142,Okato,-39.2,173.8833,12.22,72,14,3.13,NZ,1618620609
143,Berlevåg,70.8578,29.0864,4.25,86,100,15.65,NO,1618620614
144,Novovelichkovskaya,45.2778,38.8436,10.0,90,100,0.89,RU,1618620615
145,Norman Wells,65.282,-126.8329,9.0,49,75,4.63,CA,1618620615
146,La Santisima Trinidad,-14.8333,-64.9,24.25,89,83,0.87,BO,1618620615
147,Salalah,17.0151,54.0924,26.0,73,0,1.54,OM,1618620616
148,Auki,-8.7676,160.7034,30.19,66,22,1.21,SB,1618620616
149,Hobart,-42.8794,147.3294,17.22,55,75,6.17,AU,1618620406
150,Port Blair,11.6667,92.75,28.34,71,83,4.02,IN,1618620617
151,Lewistown,40.5992,-77.5714,8.0,100,90,5.66,US,1618620618
152,Brae,60.3964,-1.353,6.25,86,100,5.68,GB,1618620618
153,Atar,20.5169,-13.0499,23.08,25,0,4.21,MR,1618620619
154,Thompson,55.7435,-97.8558,9.0,34,20,5.66,CA,1618620619
155,Muskegon,43.3,-86.1334,8.0,61,40,2.57,US,1618620442
156,Port Hardy,50.6996,-127.4199,19.0,45,1,4.12,CA,1618620620
157,Caohai,26.8661,104.2841,9.71,86,100,1.47,CN,1618620620
158,Clyde River,70.4692,-68.5914,-12.0,85,90,11.32,CA,1618620620
159,Kavaratti,10.5669,72.642,28.68,73,2,1.56,IN,1618620621
160,Carahue,-38.7,-73.1667,11.0,93,0,1.03,CL,1618620621
161,Krasne,49.9145,24.6134,2.0,100,75,5.0,UA,1618620622
162,Upernavik,72.7868,-56.1549,-21.34,95,93,3.14,GL,1618620622
163,Kieta,-6.2167,155.6333,27.57,79,100,3.18,PG,1618620601
164,Pathein,16.7833,94.7333,25.86,67,23,0.37,MM,1618620623
165,Havelock,34.8791,-76.9013,16.11,62,1,3.09,US,1618620624
166,Sukhinichi,54.0999,35.3425,6.08,88,6,1.91,RU,1618620624
167,Tomatlán,19.9333,-105.25,25.89,45,0,3.07,MX,1618620624
168,Lompoc,34.6391,-120.4579,14.0,67,1,6.17,US,1618620646
169,Carutapera,-1.195,-46.02,24.38,93,100,2.74,BR,1618620646
170,Lüderitz,-26.6481,15.1594,25.15,38,99,4.0,NA,1618620647
171,Alekseyevsk,57.8406,108.3492,-0.26,90,100,3.68,RU,1618620647
172,Yulara,-25.2406,130.9889,19.0,39,0,6.69,AU,1618620648
173,Kloulklubed,7.0419,134.2556,26.0,89,90,3.6,PW,1618620521
174,Airai,-8.9266,125.4092,21.53,56,24,2.27,TL,1618620584
175,Fortuna,40.5982,-124.1573,14.44,87,1,6.69,US,1618620583
176,Chapais,49.7834,-74.8492,8.0,49,75,1.54,CA,1618620534
177,Cedar City,37.6775,-113.0619,9.44,40,75,2.57,US,1618620649
178,Ketchikan,55.3422,-131.6461,14.0,54,1,3.09,US,1618620650
179,Yellowknife,62.456,-114.3525,8.0,46,40,5.14,CA,1618620650
180,Hasaki,35.7333,140.8333,17.78,67,75,6.17,JP,1618620534
181,Inhambupe,-11.7844,-38.3531,21.03,95,24,2.45,BR,1618620651
182,Izvor,42.2039,21.5783,6.0,100,90,0.51,MK,1618620651
183,Sandy Bay,-42.913,147.3532,17.22,55,75,6.17,AU,1618620651
184,Nanzhang,31.7765,111.8386,16.75,34,100,3.37,CN,1618620652
185,Morón,-34.6534,-58.6198,21.11,76,3,1.62,AR,1618620561
186,Balkanabat,39.5108,54.3671,17.62,47,3,3.23,TM,1618620406
187,Otse,-25.0167,25.7333,18.0,72,20,4.63,BW,1618620653
188,Nizhniy Kuranakh,58.8353,125.4869,4.45,59,100,6.17,RU,1618620653
189,Westport,41.1415,-73.3579,8.0,66,90,5.66,US,1618620653
190,Paamiut,61.994,-49.6678,-10.85,65,56,6.41,GL,1618620654
191,Baruun-Urt,46.6806,113.2792,3.51,33,0,6.64,MN,1618620654
192,Touros,-5.1989,-35.4608,26.0,83,40,2.06,BR,1618620655
193,Imeni Poliny Osipenko,52.4201,136.4853,3.7,79,100,3.64,RU,1618620655
194,Huancavelica,-12.7667,-74.9833,2.02,90,91,1.06,PE,1618620655
195,Yashan,22.1975,109.9419,24.29,86,100,2.72,CN,1618620656
196,Rawson,-43.3002,-65.1023,16.87,47,1,1.98,AR,1618620424
197,Pushkar,26.5,74.55,21.92,51,0,0.89,IN,1618620656
198,Cabedelo,-6.9811,-34.8339,24.0,100,0,1.03,BR,1618620657
199,Río Gallegos,-51.6226,-69.2181,8.0,57,0,3.6,AR,1618620657
200,São João da Barra,-21.6403,-41.0511,22.87,79,9,4.08,BR,1618620658
201,Christchurch,-43.5333,172.6333,12.78,71,90,7.2,NZ,1618620402
202,Qingdao,36.0986,120.3719,13.0,38,0,6.0,CN,1618620658
203,Isangel,-19.55,169.2667,29.0,79,75,4.12,VU,1618620557
204,Tuktoyaktuk,69.4541,-133.0374,-7.0,79,90,2.06,CA,1618620501
205,San Rafael,-34.6177,-68.3301,21.68,51,98,2.31,AR,1618620659
206,Bokoro,12.3807,17.0568,28.03,7,94,4.76,TD,1618620659
207,Jinxiang,27.4327,120.6062,19.79,79,45,2.32,CN,1618620660
208,Fayaoué,-20.65,166.5333,25.71,80,32,7.65,NC,1618620660
209,Laas,46.6166,10.7002,2.22,69,0,2.06,IT,1618620661
210,Cidreira,-30.1811,-50.2056,21.58,78,100,1.84,BR,1618620661
211,Penzance,50.1186,-5.5371,3.89,75,40,3.6,GB,1618620661
212,Poya,-21.35,165.15,27.69,65,40,3.27,NC,1618620662
213,Saint-Philippe,-21.3585,55.7679,25.0,78,0,2.57,RE,1618620521
214,Sri Aman,1.2376,111.4621,23.0,100,40,1.54,MY,1618620587
215,Hay River,60.8156,-115.7999,8.0,46,100,2.57,CA,1618620663
216,Garden City,42.3256,-83.331,11.67,58,90,2.06,US,1618620663
217,Coyhaique,-45.5752,-72.0662,11.0,76,75,2.12,CL,1618620485
218,Fonte Boa,-2.4959,-66.2662,23.56,97,99,1.6,BR,1618620664
219,Bambous Virieux,-20.3428,57.7575,26.67,88,20,2.57,MU,1618620664
220,Khovd,48.0056,91.6419,7.71,25,28,2.86,MN,1618620617
221,Hambantota,6.1241,81.1185,25.0,100,75,1.54,LK,1618620665
222,Bathsheba,13.2167,-59.5167,27.0,65,40,8.23,BB,1618620666
223,Aksarka,66.5606,67.7975,-15.16,94,100,1.46,RU,1618620666
224,Sos'va,59.1766,61.8558,-1.16,70,2,2.04,RU,1618620666
225,Villiers,-27.0303,28.6006,6.83,84,0,4.73,ZA,1618620667
226,Daru,-9.0763,143.2092,27.35,86,100,4.36,PG,1618620667
227,Manacapuru,-3.2997,-60.6206,25.0,94,20,1.58,BR,1618620563
228,Half Moon Bay,37.4636,-122.4286,17.22,81,90,6.17,US,1618620629
229,Codrington,-38.2667,141.9667,15.99,58,100,3.5,AU,1618620668
230,Kumano,34.3442,132.5894,15.0,94,75,2.06,JP,1618620668
231,Vostok,46.4856,135.8833,7.9,46,79,4.45,RU,1618620669
232,Vestmannaeyjar,63.4427,-20.2734,5.61,69,100,10.13,IS,1618620669
233,Saint-Joseph,-21.3667,55.6167,25.0,78,0,2.57,RE,1618620670
234,Mayo,38.8876,-76.5119,11.67,56,4,3.58,US,1618620590
235,Tautira,-17.7333,-149.15,31.0,66,20,6.17,PF,1618620670
236,Iqaluit,63.7506,-68.5145,-10.0,73,75,7.2,CA,1618620671
237,Angoche,-16.2325,39.9086,25.19,70,93,6.87,MZ,1618620671
238,Flinders,-34.5833,150.8552,17.78,74,100,0.45,AU,1618620617
239,Kawalu,-7.3817,108.2082,25.74,79,90,0.89,ID,1618620672
240,Ulu-Telyak,54.9086,56.9669,5.58,93,2,1.47,RU,1618620672
241,Husavik,66.0449,-17.3389,4.0,60,0,5.14,IS,1618620673
242,Longyearbyen,78.2186,15.6401,-11.0,67,20,6.17,SJ,1618620634
243,Macatuba,-22.5022,-48.7114,23.0,68,0,2.06,BR,1618620674
244,Neustrelitz,53.3667,13.0833,5.56,71,100,3.56,DE,1618620674
245,Sūsangerd,31.5608,48.1831,20.0,37,0,1.03,IR,1618620675
246,Nouakchott,18.0858,-15.9785,22.0,68,0,6.17,MR,1618620675
247,‘Ewa Beach,21.3156,-158.0072,26.0,53,90,4.63,US,1618620676
248,Calvià,39.5657,2.5062,9.44,38,7,0.45,ES,1618620676
249,Ilulissat,69.2167,-51.1,-14.0,72,90,6.17,GL,1618620677
250,São Félix do Xingu,-6.6447,-51.995,22.32,95,100,1.05,BR,1618620677
251,Cockburn Town,21.4612,-71.1419,24.9,71,39,4.22,TC,1618620437
252,Korla,41.7597,86.1469,15.55,23,55,2.31,CN,1618620678
253,Gillette,44.2911,-105.5022,2.0,75,90,4.63,US,1618620678
254,Vredendal,-31.6683,18.5012,23.98,31,19,2.35,ZA,1618620679
255,Pala,9.3642,14.9046,29.27,23,92,1.09,TD,1618620679
256,Aklavik,68.2191,-135.0107,1.0,51,100,1.54,CA,1618620680
257,Tocopilla,-22.092,-70.1979,19.12,72,21,1.19,CL,1618620114
258,Aleksandrov Gay,50.147,48.5704,10.8,69,13,3.38,RU,1618620680
259,Adalaj,23.1667,72.5833,27.0,74,0,1.54,IN,1618620681
260,Kysyl-Syr,63.8986,122.7617,-4.83,85,100,5.55,RU,1618620681
261,Lotofaga,-13.9764,-171.8578,32.0,66,75,2.57,WS,1618620682
262,Shimoda,34.6667,138.95,18.0,68,75,4.12,JP,1618620683
263,Porto Nacional,-10.7081,-48.4172,26.0,100,20,1.03,BR,1618620683
264,Témiscaming,46.7212,-79.0971,6.0,93,100,2.06,CA,1618620684
265,Belaya Gora,68.5333,146.4167,-6.49,74,0,5.07,RU,1618620567
266,La Paz,-16.5,-68.15,8.34,74,3,1.83,BO,1618620684
267,Dārāb,28.7519,54.5444,16.18,13,4,1.43,IR,1618620496
268,Gimli,50.6336,-96.9907,9.0,21,15,4.63,CA,1618620685
269,Ancud,-41.8697,-73.8203,12.22,93,100,1.54,CL,1618620686
270,Guerrero Negro,27.9769,-114.0611,16.23,69,0,11.18,MX,1618620629
271,Nome,64.5011,-165.4064,-0.56,93,90,3.09,US,1618620686
272,Belčišta,41.3028,20.8303,4.38,98,100,2.13,MK,1618620687
273,Myitkyina,25.3833,97.4,25.07,34,100,0.42,MM,1618620687
274,Esperance,-33.8667,121.9,14.0,82,64,3.6,AU,1618620687
275,Mbeya,-8.9,33.45,14.68,97,100,1.88,TZ,1618620688
276,Avera,33.194,-82.5271,15.0,63,1,1.54,US,1618620636
277,San Francisco,37.7749,-122.4194,15.56,62,20,10.29,US,1618620617
278,Pangody,65.85,74.4859,-13.25,92,100,9.19,RU,1618620574
279,Hong Kong,22.2855,114.1577,23.33,90,100,3.06,HK,1618620610
280,Torbay,47.6666,-52.7314,1.11,93,90,7.72,CA,1618620689
281,Bethel,41.3712,-73.414,6.11,80,97,4.05,US,1618620640
282,Örnsköldsvik,63.2909,18.7153,0.0,86,77,2.57,SE,1618620690
283,Sabang,5.8933,95.3214,28.43,68,100,5.22,ID,1618620605
284,Naze,28.3667,129.4833,22.0,94,75,7.72,JP,1618620501
285,Torrington,41.8007,-73.1212,4.44,91,74,2.24,US,1618620428
286,Hudson Bay,52.85,-102.3842,5.74,69,11,1.28,CA,1618620691
287,Dubréka,9.7911,-13.5233,25.93,79,54,0.72,GN,1618620691
288,Asău,46.4333,26.4,3.33,47,56,2.33,RO,1618620691
289,Santa Maria,-29.6842,-53.8069,20.0,100,20,1.03,BR,1618620692
290,Kaliua,-5.0606,31.7936,17.25,94,100,1.03,TZ,1618620692
291,Mahon,39.8885,4.2658,10.0,50,0,4.63,ES,1618620693
292,Waingapu,-9.6567,120.2641,27.89,76,28,4.45,ID,1618620693
293,Lebu,-37.6167,-73.65,11.87,86,89,4.82,CL,1618620489
294,Harper,4.375,-7.7169,26.63,81,72,2.76,LR,1618620694
295,Broome,42.2506,-75.833,4.44,100,90,4.12,US,1618620694
296,Varkaus,62.3153,27.873,1.11,74,0,1.25,FI,1618620694
297,Saint-Pierre,-21.3393,55.4781,25.0,78,0,2.57,RE,1618620695
298,Saint-Augustin,51.226,-58.6502,-0.7,74,43,4.88,CA,1618620695
299,Kenai,60.5544,-151.2583,11.0,49,1,5.14,US,1618620696
300,Kirensk,57.7853,108.1119,-0.19,88,100,3.45,RU,1618620696
301,Formosa do Rio Preto,-11.0483,-45.1931,26.0,47,100,1.39,BR,1618620697
302,Villazón,-22.0866,-65.5942,10.27,63,0,4.47,BO,1618620697
303,Kokopo,-4.352,152.2633,25.68,83,100,0.31,PG,1618620561
304,Kemijärvi,66.7131,27.4306,-0.94,94,15,1.96,FI,1618620682
305,Garissa,-0.4536,39.6401,25.69,84,14,6.38,KE,1618620698
306,Chul'man,56.8479,124.9104,0.2,73,19,5.12,RU,1618620698
307,Sisophon,13.5859,102.9737,28.13,70,100,0.55,KH,1618620699
308,Ténenkou,14.4572,-4.9169,33.13,14,100,4.68,ML,1618620699
309,Necochea,-38.5473,-58.7368,15.0,96,0,0.89,AR,1618620700
310,Gouré,13.9835,10.2704,24.62,9,18,1.55,NE,1618620700
311,Newton,42.337,-71.2092,3.33,100,100,7.2,US,1618620686
312,Whitehorse,60.7161,-135.0538,11.0,46,20,3.09,CA,1618620701
313,San Jose,37.3394,-121.895,21.67,45,1,6.69,US,1618620621
314,Atherton,53.5237,-2.4935,5.56,65,17,0.89,GB,1618620701
315,Buluang,13.3068,123.3425,29.59,65,100,2.37,PH,1618620702
316,Tinskoy,56.1525,96.9161,-0.72,88,100,4.01,RU,1618620702
317,Sibolga,1.7427,98.7792,23.99,92,100,1.26,ID,1618620703
318,Geraldton,-28.7667,114.6,23.0,28,100,6.69,AU,1618620703
319,Nerchinskiy Zavod,51.3088,119.61,5.39,28,4,4.67,RU,1618620703
320,Ponta do Sol,32.6667,-17.1,15.56,72,6,0.45,PT,1618620538
321,Alice Springs,-23.7,133.8833,20.56,37,0,8.23,AU,1618620490
322,Kisangani,0.5167,25.2,22.68,88,100,0.93,CD,1618620704
323,Kahului,20.8947,-156.47,27.0,61,40,5.14,US,1618620622
324,Lufilufi,-13.8745,-171.5986,32.0,66,75,2.57,WS,1618620705
325,Pimentel,-6.8367,-79.9342,21.0,73,0,8.75,PE,1618620669
326,Raudeberg,61.9875,5.1352,5.0,58,0,2.88,NO,1618620706
327,Chicama,-7.8447,-79.1469,19.0,88,100,4.63,PE,1618620529
328,Bacungan,9.9106,118.7022,26.0,83,75,3.09,PH,1618620706
329,Zhmerynka,49.037,28.112,0.56,91,100,4.46,UA,1618620707
330,Ulladulla,-35.35,150.4667,16.0,72,100,2.06,AU,1618620708
331,Banjar,-8.19,114.9675,28.0,83,20,2.57,ID,1618620708
332,Azare,11.6765,10.1948,25.28,9,100,2.52,NG,1618620708
333,Nioki,-2.7167,17.6833,22.1,93,100,0.51,CD,1618620481
334,Yenagoa,4.9247,6.2642,25.36,86,100,1.56,NG,1618620559
335,Benalla,-36.55,145.9833,12.0,62,1,1.54,AU,1618620709
336,Khanbari,27.3747,87.2039,21.66,31,63,1.59,NP,1618620710
337,Nyimba,-14.5566,30.8149,18.83,63,0,4.53,ZM,1618620710
338,Bay City,43.5945,-83.8889,9.0,76,75,4.63,US,1618620710
339,Nur-Sultan,51.1801,71.446,3.0,100,90,8.0,KZ,1618620711
340,Aleksandriyskaya,44.2272,43.3453,10.56,87,100,3.0,RU,1618620711
341,Ukiah,39.1502,-123.2078,24.0,20,1,5.14,US,1618620712
342,Kupang,-10.1667,123.5833,27.82,71,47,3.42,ID,1618620712
343,Saldanha,-33.0117,17.9442,16.0,55,0,1.54,ZA,1618620713
344,Rāvar,31.2656,56.8055,18.42,33,5,1.86,IR,1618620713
345,Karasjok,69.4719,25.5112,7.0,61,90,4.63,NO,1618620713
346,Yangi Marg`ilon,40.4272,71.7189,12.0,50,7,2.06,UZ,1618620714
347,Port Augusta,-32.5,137.7667,19.44,67,75,3.6,AU,1618620714
348,Chokwé,-24.5333,32.9833,18.03,77,85,4.31,MZ,1618620715
349,Bereda,43.2686,-7.5406,0.56,92,80,2.24,ES,1618620715
350,Tamarac,26.2129,-80.2498,27.0,65,1,3.09,US,1618620715
351,Kavieng,-2.5744,150.7967,26.67,78,100,2.36,PG,1618620716
352,Wuchang,44.9143,127.15,8.03,33,13,4.04,CN,1618620716
353,Ceyhan,37.0247,35.8175,16.11,93,0,1.03,TR,1618620717
354,Saint-François,46.4154,3.9054,0.56,80,0,1.54,FR,1618620717
355,Arrondissement de Toul,48.6667,5.9167,5.0,75,0,2.06,FR,1618620718
356,Ürümqi,43.801,87.6005,16.0,13,0,5.0,CN,1618620718
357,Atambua,-9.1061,124.8925,26.48,67,9,1.3,ID,1618620719
358,Manzhouli,49.6,117.4333,6.93,22,1,5.19,CN,1618620496
359,Haines Junction,60.7522,-137.5108,11.0,30,99,3.09,CA,1618620719
360,Vapnyarka,48.5348,28.7436,0.56,91,86,5.57,UA,1618620720
361,Bethanien,-26.502,17.1583,20.32,39,86,0.85,NA,1618620720
362,Taoudenni,22.6783,-3.9836,26.62,15,70,4.59,ML,1618620721
363,Haverfordwest,51.8017,-4.9691,6.67,85,99,1.79,GB,1618620721
364,Bay Roberts,47.5999,-53.2648,0.56,90,99,4.02,CA,1618620721
365,Puerto Baquerizo Moreno,-0.9,-89.6,25.23,85,58,1.81,EC,1618620722
366,Wągrowiec,52.8084,17.1996,4.44,95,88,1.79,PL,1618620722
367,Suzhou,31.3114,120.6181,19.0,77,100,4.0,CN,1618620723
368,Pangnirtung,66.1451,-65.7125,-23.24,92,18,3.0,CA,1618620723
369,Kiama,-34.6833,150.8667,17.78,74,100,0.45,AU,1618620723
370,Marsh Harbour,26.5412,-77.0636,24.48,70,3,3.08,BS,1618620724
371,Cerqueira César,-23.0356,-49.1661,17.8,86,100,2.83,BR,1618620724
372,Diu,20.7141,70.9822,24.78,78,0,4.47,IN,1618620725
373,Markova,48.6758,24.4138,0.39,90,86,1.95,UA,1618620725
374,Tuatapere,-46.1333,167.6833,12.22,66,89,4.47,NZ,1618620609
375,Severo-Kuril'sk,50.6789,156.125,1.78,65,42,4.52,RU,1618620726
376,Dingle,10.9995,122.6711,29.01,69,100,4.86,PH,1618620727
377,Oranjemund,-28.55,16.4333,24.15,40,100,3.21,NA,1618620727
378,The Valley,18.217,-63.0578,27.0,83,40,4.12,AI,1618620727
379,Wad Medani,14.4012,33.5199,28.48,8,6,4.7,SD,1618620728
380,Kinna,57.5073,12.6946,7.78,61,0,4.12,SE,1618620728
381,Pringsewu,-5.3582,104.9744,25.31,89,100,1.15,ID,1618620729
382,Santa Cruz,30.4202,-9.5982,15.0,88,0,2.06,MA,1618620729
383,Ciudad Bolivar,8.1222,-63.5497,31.5,44,98,4.96,VE,1618620730
384,Dudinka,69.4058,86.1778,-27.51,99,100,1.34,RU,1618620730
385,Tieli,46.95,128.05,8.18,54,12,1.98,CN,1618620730
386,Iwaki,37.05,140.8833,14.44,83,100,0.45,JP,1618620731
387,Najrān,17.4924,44.1277,21.0,30,40,1.97,SA,1618620731
388,Chāndbāli,20.7833,86.7667,26.58,81,6,3.91,IN,1618620732
389,Pitkyaranta,61.5734,31.4792,0.39,91,6,3.11,RU,1618620732
390,Tāndā,26.55,82.65,27.86,15,23,3.04,IN,1618620732
391,Manavālakurichi,8.1333,77.3,27.0,83,20,1.03,IN,1618620733
392,Mahanoro,-19.9,48.8,22.58,87,56,2.26,MG,1618620673
393,Copiapó,-27.3667,-70.3333,16.0,77,90,2.57,CL,1618620567
394,Ōzu,33.5,132.55,14.0,100,75,1.03,JP,1618620733
395,Ossora,59.2353,163.0719,-1.47,64,0,2.54,RU,1618620734
396,Quatre Cocos,-20.2078,57.7625,26.67,88,20,2.57,MU,1618620734
397,Riyadh,24.6877,46.7219,22.0,15,0,3.09,SA,1618620649
398,Tres Palos,18.1833,-101.6167,29.0,65,20,2.4,MX,1618620735
399,Jacksonville Beach,30.2947,-81.3931,18.0,88,90,2.06,US,1618620438
400,Meulaboh,4.1363,96.1285,25.02,84,100,1.24,ID,1618620735
401,Morant Bay,17.8815,-76.4093,28.0,74,20,7.2,JM,1618620736
402,San Patricio,28.017,-97.5169,27.0,83,75,4.12,US,1618620500
403,Meadow Lake,34.8014,-106.5436,17.78,12,75,4.12,US,1618620736
404,Laramie,41.3114,-105.5911,-3.33,86,90,3.09,US,1618620737
405,Nhulunbuy,-12.2333,136.7667,31.0,55,100,6.69,AU,1618620737
406,Rafrāf,37.1904,10.1837,14.0,94,40,1.54,TN,1618620738
407,Esso,55.9333,158.7,-4.0,65,11,2.13,RU,1618620738
408,Ambulu,-8.345,113.6058,26.76,76,35,0.34,ID,1618620739
409,Merauke,-8.4667,140.3333,29.87,62,100,3.89,ID,1618620739
410,Egvekinot,66.3167,-179.1667,-1.18,98,100,5.26,RU,1618620739
411,Fort Dodge,42.4975,-94.168,12.0,47,75,2.57,US,1618620517
412,Seydişehir,37.4193,31.8453,10.9,48,63,0.93,TR,1618620740
413,Louny,50.357,13.7967,3.89,80,96,4.92,CZ,1618620740
414,Sigmaringen,48.0833,9.2167,0.56,71,22,2.16,DE,1618620741
415,Ubari,26.5921,12.7805,28.07,12,22,1.13,LY,1618620741
416,Santa Adélia,-21.2428,-48.8042,18.47,88,92,2.0,BR,1618620741
417,Vao,-22.6667,167.4833,23.42,76,56,7.83,NC,1618620742
418,Kuala Terengganu,5.3302,103.1408,26.0,94,20,1.54,MY,1618620743
419,Salinas,36.6777,-121.6555,15.0,63,1,6.17,US,1618620490
420,Nouadhibou,20.931,-17.0347,19.0,72,0,9.77,MR,1618620560
421,Luganville,-15.5333,167.1667,29.58,66,30,3.56,VU,1618620743
422,Eureka,40.8021,-124.1637,12.22,93,90,2.57,US,1618620744
423,Santo Antônio do Sudoeste,-26.0736,-53.7253,16.25,93,68,1.27,BR,1618620744
424,Jinchang,38.4953,102.1739,5.89,19,9,0.33,CN,1618620744
425,Morro Agudo,-20.7314,-48.0578,24.0,64,0,1.03,BR,1618620745
426,Sechelt,49.4664,-123.7694,20.56,60,5,0.45,CA,1618620745
427,Grindavik,63.8424,-22.4338,4.0,75,75,11.83,IS,1618620746
428,Ridgeland,32.4285,-90.1323,14.0,88,90,2.57,US,1618620746
429,Isiro,2.7739,27.616,18.29,97,14,1.17,CD,1618620747
430,Turan,16.0678,108.2208,27.0,83,75,2.57,VN,1618620747
431,‘Āhuimanu,21.4447,-157.8378,26.0,64,75,4.12,US,1618620747
432,Marzuq,14.4,46.4667,18.72,47,10,0.95,YE,1618620748
433,Alakurtti,66.9672,30.3491,-2.78,88,28,1.34,RU,1618620748
434,Drayton Valley,53.2168,-114.9854,16.11,23,8,2.03,CA,1618620749
435,Boa Vista,2.8197,-60.6733,27.0,78,40,2.06,BR,1618620749
436,Deputatsky,69.3,139.9,-13.86,83,96,2.03,RU,1618620674
437,Radom,51.4025,21.1471,6.67,94,100,3.27,PL,1618620750
438,Maceió,-9.6658,-35.7353,23.0,100,75,1.03,BR,1618620750
439,Ratnapura,6.6828,80.3992,24.24,91,100,0.95,LK,1618620751
440,Henties Bay,-22.116,14.2845,21.76,63,100,1.6,NA,1618620751
441,Shubarshi,48.5872,57.1869,11.3,48,28,1.91,KZ,1618620751
442,Norcasia,5.5778,-74.8852,22.34,94,100,1.53,CO,1618620752
443,Dāmghān,36.1683,54.348,12.67,60,0,1.61,IR,1618620752
444,Assiniboia,49.6334,-105.9845,10.0,27,6,2.57,CA,1618620753
445,Amalāpuram,16.5833,82.0167,26.0,89,20,1.03,IN,1618620753
446,Yabrūd,33.9674,36.6574,15.56,41,0,4.12,SY,1618620754
447,Kutum,14.2,24.6667,20.53,10,7,4.01,SD,1618620754
448,Salta,-24.7859,-65.4117,20.0,83,20,1.03,AR,1618620631
449,Yomou,7.5603,-9.2653,22.63,95,100,1.11,GN,1618620755
450,Virginia Beach,36.8529,-75.978,14.44,52,63,1.93,US,1618620535
451,Dhrol,22.5667,70.4167,27.22,88,40,2.57,IN,1618620755
452,Honningsvåg,70.9821,25.9704,4.4,83,100,15.73,NO,1618620756
453,Kokemäki,61.2565,22.3564,2.0,60,0,1.54,FI,1618620756
454,Neiafu,-18.65,-173.9833,28.0,69,40,2.57,TO,1618620757
455,Kulhudhuffushi,6.6221,73.07,28.49,69,85,0.36,MV,1618620757
456,Vanimo,-2.6741,141.3028,24.17,94,100,1.29,PG,1618620758
457,Brigantine,39.4101,-74.3646,12.0,50,90,4.63,US,1618620560
458,Manado,1.487,124.8455,30.0,62,20,2.57,ID,1618620538
459,Anadyr,64.75,177.4833,3.0,81,40,7.0,RU,1618620758
460,Goreloye,52.937,41.5043,9.63,91,99,1.92,RU,1618620759
461,Taltal,-25.4,-70.4833,16.78,85,22,1.1,CL,1618620620
462,Vilyuysk,63.7553,121.6247,-5.46,84,100,5.9,RU,1618620759
463,Luebo,-5.35,21.4167,20.64,97,73,0.72,CD,1618620760
464,Bairiki Village,1.3292,172.9752,30.0,74,40,3.09,KI,1618620760
465,Poum,-20.2333,164.0167,26.22,72,36,3.3,NC,1618620761
466,Reyes,-14.3167,-67.3833,23.59,93,58,0.74,BO,1618620761
467,Kwinana,-32.25,115.7667,20.0,55,13,3.09,AU,1618620762
468,Belmonte,-15.8631,-38.8828,25.0,73,20,2.06,BR,1618620631
469,Smiltene,57.4244,25.9016,7.78,53,100,2.24,LV,1618620762
470,Kidal,18.4411,1.4078,31.28,6,73,3.33,ML,1618620763
471,Lahad Datu,5.0268,118.327,27.78,74,98,0.61,MY,1618620763
472,Marawi,7.9986,124.2928,26.67,85,100,1.79,PH,1618620763
473,Abonnema,4.7084,6.7931,26.26,79,100,2.13,NG,1618620764
474,Tezu,27.9167,96.1667,25.88,36,49,0.92,IN,1618620764
475,Beya,53.0533,90.9139,9.09,66,100,2.26,RU,1618620765
476,Havøysund,70.9963,24.6622,5.0,75,90,14.4,NO,1618620765
477,Duminichi,53.9345,35.1099,5.51,91,5,1.81,RU,1618620766
478,Dandong,40.1292,124.3947,10.86,27,50,4.12,CN,1618620766
479,Morondava,-20.2833,44.2833,22.52,73,99,6.27,MG,1618620766
480,Banjarmasin,-3.3244,114.591,27.0,83,74,2.06,ID,1618620767
481,Leningradskiy,69.3833,178.4167,1.28,86,99,1.89,RU,1618620767
482,Kashan,33.9831,51.4364,17.65,27,14,2.34,IR,1618620768
483,Baghdad,33.3406,44.4009,17.0,42,0,3.09,IQ,1618620768
484,Mbandaka,0.0487,18.2603,22.1,96,100,1.83,CD,1618620769
485,Manakara,-22.1333,48.0167,21.59,92,100,3.79,MG,1618620770
486,Laohekou,32.3858,111.6678,15.12,32,100,2.71,CN,1618620770
487,Kerchevskiy,59.946,56.2884,-1.04,88,8,2.19,RU,1618620771
488,Mount Gambier,-37.8333,140.7667,16.0,63,90,4.63,AU,1618620771
489,Yebaishou,41.3975,119.6408,7.53,32,34,10.26,CN,1618620772
490,Buala,-8.145,159.5921,29.22,73,45,1.94,SB,1618620772
491,Snåase,64.2457,12.3778,-0.05,92,17,1.54,NO,1618620772
492,Dalvik,65.9702,-18.5286,4.0,60,0,5.14,IS,1618620773
493,Tūkrah,32.5341,20.5791,28.69,19,98,12.06,LY,1618620774
494,Mandera,3.9366,41.867,27.19,67,9,4.97,KE,1618620774
495,Mogadishu,2.0371,45.3438,28.15,71,100,3.76,SO,1618620774
496,Tigzirt,36.8886,4.1198,12.05,76,59,3.92,DZ,1618620775
497,Phan Thiet,10.9333,108.1,27.72,72,98,0.71,VN,1618620775
498,Lorengau,-2.0226,147.2712,29.28,74,72,3.84,PG,1618620776
499,Saravan,39.7196,45.6483,8.0,76,20,4.12,AM,1618620776
500,Nelson,-41.2833,173.2833,16.11,74,16,0.89,NZ,1618620777
501,Sørland,67.667,12.6934,4.79,83,0,6.01,NO,1618620685
502,Elko,41.0002,-115.5012,10.56,42,97,7.15,US,1618620546
503,Jérémie,18.65,-74.1167,24.9,77,3,1.1,HT,1618620777
504,Ust'-Kulom,61.6864,53.6902,-0.3,94,57,2.7,RU,1618620778
505,Youkounkoun,12.5333,-13.1333,29.51,41,46,4.27,GN,1618620778
506,Kumul,42.8,93.45,14.37,12,0,4.93,CN,1618620779
507,Kaeo,-35.1,173.7833,19.44,66,39,4.02,NZ,1618620779
508,Umluj,25.0213,37.2685,25.79,56,0,3.67,SA,1618620554
509,Carballo,43.213,-8.691,8.33,75,0,1.03,ES,1618620780
510,Inhambane,-23.865,35.3833,20.62,67,97,8.35,MZ,1618620780
511,Quelimane,-17.8786,36.8883,24.0,83,75,2.06,MZ,1618620781
512,Kulai,1.6561,103.6032,27.0,94,20,1.03,MY,1618620781
513,Linjiang,41.8069,126.9078,8.64,28,2,4.31,CN,1618620782
514,Nkoteng,4.5167,12.0333,20.26,92,100,0.39,CM,1618620782
515,Huicungo,-7.2833,-76.8,21.98,95,99,1.01,PE,1618620782
516,Olinda,-8.0089,-34.8553,26.0,73,40,2.57,BR,1618620783
517,Ranong,9.9658,98.6348,24.0,94,40,1.03,TH,1618620783
518,Ahipara,-35.1667,173.1667,18.83,56,1,6.79,NZ,1618620784
519,Foumban,5.7291,10.9001,17.71,88,100,1.68,CM,1618620784
520,Arlit,18.7369,7.3853,29.11,6,12,4.0,NE,1618620685
521,Lubao,14.9167,120.55,29.0,65,75,5.14,PH,1618620785
522,Port-Gentil,-0.7193,8.7815,27.81,78,100,3.78,GA,1618620785
523,Lianzhou,24.7811,112.3825,19.92,87,100,1.26,CN,1618620785
524,Bonthe,7.5264,-12.505,25.8,85,94,1.91,SL,1618620786
525,Presidencia Roque Sáenz Peña,-26.7852,-60.4388,22.22,95,0,2.47,AR,1618620786
526,Almaznyy,48.0448,40.045,10.0,93,40,1.0,RU,1618620787
527,Kargasok,59.0556,80.8572,-7.03,51,0,2.27,RU,1618620787
528,Avigliano,40.7329,15.72,3.33,91,100,0.45,IT,1618620788
529,Lamu,-2.2717,40.902,28.0,83,1,2.57,KE,1618620788
530,Grand Gaube,-20.0064,57.6608,26.67,84,54,1.79,MU,1618620579
531,Nabire,-3.3667,135.4833,24.83,90,100,1.63,ID,1618620789
532,Tooele,40.5308,-112.2983,8.0,66,90,1.54,US,1618620789
533,Nyandoma,61.669,40.1991,-0.91,92,6,1.25,RU,1618620790
534,Eyl,7.9803,49.8164,26.71,77,6,3.5,SO,1618620790
535,Philadelphia,39.9523,-75.1638,11.11,62,90,4.63,US,1618620534
536,Chadiza,-14.0678,32.4392,14.06,87,0,2.41,ZM,1618620791
537,Barra de Tecoanapa,16.5167,-98.75,26.64,65,6,4.51,MX,1618620791
538,Yanam,16.7333,82.2167,26.0,89,20,1.03,IN,1618620792
539,Alofi,-19.0595,-169.9187,29.0,65,2,3.09,NU,1618620792
540,Antalaha,-14.9003,50.2788,23.54,87,9,1.21,MG,1618620792
541,Yumen,40.2833,97.2,7.79,14,49,3.94,CN,1618620793
542,Rio Grande,-32.035,-52.0986,20.28,88,100,2.18,BR,1618620793
543,Nhamundá,-2.1861,-56.7131,23.74,97,100,1.29,BR,1618620727
544,Vanavara,60.34,102.2797,-11.92,68,79,5.72,RU,1618620794
545,Akdepe,42.0551,59.3788,14.0,47,0,4.12,TM,1618620794
546,Finschhafen,-6.6024,147.8681,28.87,71,90,1.92,PG,1618620795
547,Woodburn,45.1437,-122.8554,26.0,14,1,7.72,US,1618620795
